"Instance_number","'True Positives'","'False Negatives'","'False Positives'","'True Negatives'","'False Positive Rate'","'True Positive Rate'","Precision","Recall","Fallout","FMeasure","'Sample Size'","Lift","Threshold"
0,1133,0,19557,0,1,1,0.054761,1,0.945239,0.103835,1,1,0.011511
1,1107,26,17844,1713,0.91241,0.977052,0.058414,0.977052,0.941586,0.110237,0.91595,1.066709,0.011645
2,1085,48,16125,3432,0.824513,0.957635,0.063045,0.957635,0.936955,0.118301,0.831803,1.151276,0.011691
3,1064,69,14434,5123,0.738048,0.9391,0.068654,0.9391,0.931346,0.127954,0.749058,1.253708,0.011759
4,1064,69,14433,5124,0.737997,0.9391,0.068658,0.9391,0.931342,0.127962,0.749009,1.253789,0.011807
5,1064,69,14432,5125,0.737945,0.9391,0.068663,0.9391,0.931337,0.127969,0.748961,1.25387,0.011813
6,1044,89,12731,6826,0.650969,0.921447,0.075789,0.921447,0.924211,0.140059,0.665781,1.384011,0.011851
7,1044,89,12728,6829,0.650816,0.921447,0.075806,0.921447,0.924194,0.140087,0.665636,1.384312,0.011854
8,1025,108,11001,8556,0.56251,0.904678,0.085232,0.904678,0.914768,0.155787,0.581247,1.556443,0.01186
9,1005,128,9299,10258,0.475482,0.887026,0.097535,0.887026,0.902465,0.175745,0.498018,1.78111,0.011891
10,1005,128,9298,10259,0.475431,0.887026,0.097544,0.887026,0.902456,0.175761,0.49797,1.781283,0.011894
11,1005,128,9296,10261,0.475329,0.887026,0.097563,0.887026,0.902437,0.175791,0.497873,1.781629,0.011927
12,983,150,7552,12005,0.386153,0.867608,0.115173,0.867608,0.884827,0.203351,0.412518,2.1032,0.011935
13,983,150,7550,12007,0.386051,0.867608,0.1152,0.867608,0.8848,0.203393,0.412421,2.103693,0.011937
14,983,150,7549,12008,0.386,0.867608,0.115213,0.867608,0.884787,0.203414,0.412373,2.10394,0.011952
15,966,167,5868,13689,0.300046,0.852604,0.141352,0.852604,0.858648,0.2425,0.330304,2.581266,0.011977
16,966,167,5866,13691,0.299944,0.852604,0.141393,0.852604,0.858607,0.242561,0.330208,2.582021,0.011997
17,947,186,4165,15392,0.212967,0.835834,0.18525,0.835834,0.81475,0.303283,0.247076,3.382904,0.012021
18,947,186,4164,15393,0.212916,0.835834,0.185287,0.835834,0.814713,0.303331,0.247028,3.383566,0.012029
19,947,186,4162,15395,0.212814,0.835834,0.185359,0.835834,0.814641,0.303428,0.246931,3.384891,0.012036
20,947,186,4159,15398,0.21266,0.835834,0.185468,0.835834,0.814532,0.303574,0.246786,3.38688,0.012063
21,947,186,4156,15401,0.212507,0.835834,0.185577,0.835834,0.814423,0.30372,0.246641,3.388871,0.012088
22,931,202,2438,17119,0.124661,0.821712,0.276343,0.821712,0.723657,0.413594,0.162832,5.046372,0.012109
23,931,202,2437,17120,0.12461,0.821712,0.276425,0.821712,0.723575,0.413686,0.162784,5.04787,0.012111
24,931,202,2436,17121,0.124559,0.821712,0.276507,0.821712,0.723493,0.413778,0.162736,5.049369,0.012123
25,931,202,2435,17122,0.124508,0.821712,0.276589,0.821712,0.723411,0.41387,0.162687,5.05087,0.012124
26,931,202,2433,17124,0.124406,0.821712,0.276754,0.821712,0.723246,0.414054,0.162591,5.053872,0.012151
27,931,202,2432,17125,0.124354,0.821712,0.276836,0.821712,0.723164,0.414146,0.162542,5.055375,0.012158
28,931,202,2431,17126,0.124303,0.821712,0.276919,0.821712,0.723081,0.414238,0.162494,5.056879,0.012162
29,931,202,2430,17127,0.124252,0.821712,0.277001,0.821712,0.722999,0.41433,0.162446,5.058383,0.01218
30,931,202,2427,17130,0.124099,0.821712,0.277248,0.821712,0.722752,0.414607,0.162301,5.062903,0.0122
31,931,202,2426,17131,0.124048,0.821712,0.277331,0.821712,0.722669,0.414699,0.162252,5.064411,0.0122
32,931,202,2425,17132,0.123997,0.821712,0.277414,0.821712,0.722586,0.414792,0.162204,5.06592,0.012221
33,931,202,2424,17133,0.123945,0.821712,0.277496,0.821712,0.722504,0.414884,0.162156,5.06743,0.012241
34,931,202,2423,17134,0.123894,0.821712,0.277579,0.821712,0.722421,0.414977,0.162107,5.068941,0.012252
35,931,202,2422,17135,0.123843,0.821712,0.277662,0.821712,0.722338,0.415069,0.162059,5.070452,0.012269
36,931,202,2418,17139,0.123639,0.821712,0.277993,0.821712,0.722007,0.41544,0.161866,5.076508,0.012291
37,931,202,2416,17141,0.123536,0.821712,0.27816,0.821712,0.72184,0.415625,0.161769,5.079542,0.012294
38,931,202,2414,17143,0.123434,0.821712,0.278326,0.821712,0.721674,0.415811,0.161672,5.082579,0.012321
39,931,202,2410,17147,0.12323,0.821712,0.278659,0.821712,0.721341,0.416182,0.161479,5.088664,0.012334
40,931,202,2409,17148,0.123178,0.821712,0.278743,0.821712,0.721257,0.416275,0.161431,5.090188,0.012335
41,931,202,2407,17150,0.123076,0.821712,0.27891,0.821712,0.72109,0.416462,0.161334,5.093238,0.012337
42,931,202,2406,17151,0.123025,0.821712,0.278993,0.821712,0.721007,0.416555,0.161286,5.094764,0.012348
43,931,202,2404,17153,0.122923,0.821712,0.27916,0.821712,0.72084,0.416741,0.161189,5.097819,0.012364
44,931,202,2402,17155,0.12282,0.821712,0.279328,0.821712,0.720672,0.416928,0.161092,5.100878,0.012385
45,931,202,2399,17158,0.122667,0.821712,0.27958,0.821712,0.72042,0.417208,0.160947,5.105474,0.01239
46,931,202,2398,17159,0.122616,0.821712,0.279664,0.821712,0.720336,0.417302,0.160899,5.107007,0.012399
47,931,202,2395,17162,0.122463,0.821712,0.279916,0.821712,0.720084,0.417582,0.160754,5.111614,0.012423
48,931,202,2393,17164,0.12236,0.821712,0.280084,0.821712,0.719916,0.41777,0.160657,5.114689,0.012428
49,931,202,2391,17166,0.122258,0.821712,0.280253,0.821712,0.719747,0.417957,0.160561,5.117768,0.01243
50,931,202,2389,17168,0.122156,0.821712,0.280422,0.821712,0.719578,0.418145,0.160464,5.120851,0.012448
51,931,202,2387,17170,0.122053,0.821712,0.280591,0.821712,0.719409,0.418333,0.160367,5.123938,0.012481
52,931,202,2386,17171,0.122002,0.821712,0.280675,0.821712,0.719325,0.418427,0.160319,5.125483,0.012488
53,931,202,2384,17173,0.1219,0.821712,0.280845,0.821712,0.719155,0.418615,0.160222,5.128575,0.012512
54,931,202,2382,17175,0.121798,0.821712,0.281014,0.821712,0.718986,0.418803,0.160126,5.131671,0.012522
55,931,202,2380,17177,0.121696,0.821712,0.281184,0.821712,0.718816,0.418992,0.160029,5.134771,0.012528
56,931,202,2379,17178,0.121644,0.821712,0.281269,0.821712,0.718731,0.419086,0.159981,5.136322,0.012549
57,930,203,2379,17178,0.121644,0.82083,0.281052,0.82083,0.718948,0.41873,0.159932,5.132356,0.012553
58,930,203,2378,17179,0.121593,0.82083,0.281137,0.82083,0.718863,0.418825,0.159884,5.133907,0.012581
59,930,203,2373,17184,0.121338,0.82083,0.281562,0.82083,0.718438,0.419297,0.159642,5.141679,0.01259
60,930,203,2372,17185,0.121286,0.82083,0.281647,0.82083,0.718353,0.419391,0.159594,5.143236,0.012598
61,930,203,2370,17187,0.121184,0.82083,0.281818,0.82083,0.718182,0.41958,0.159497,5.146353,0.012605
62,929,204,2370,17187,0.121184,0.819947,0.2816,0.819947,0.7184,0.419224,0.159449,5.142378,0.012618
63,929,204,2368,17189,0.121082,0.819947,0.281771,0.819947,0.718229,0.419413,0.159352,5.145497,0.012629
64,929,204,2367,17190,0.121031,0.819947,0.281857,0.819947,0.718143,0.419508,0.159304,5.147058,0.012637
65,929,204,2364,17193,0.120877,0.819947,0.282114,0.819947,0.717886,0.419792,0.159159,5.151747,0.012651
66,929,204,2362,17195,0.120775,0.819947,0.282285,0.819947,0.717715,0.419982,0.159062,5.154878,0.012654
67,928,205,2359,17198,0.120622,0.819064,0.282324,0.819064,0.717676,0.41991,0.158869,5.155596,0.012683
68,928,205,2354,17203,0.120366,0.819064,0.282754,0.819064,0.717246,0.420385,0.158627,5.16345,0.012694
69,928,205,2352,17205,0.120264,0.819064,0.282927,0.819064,0.717073,0.420576,0.158531,5.166598,0.0127
70,928,205,2350,17207,0.120162,0.819064,0.283099,0.819064,0.716901,0.420766,0.158434,5.169751,0.012701
71,928,205,2345,17212,0.119906,0.819064,0.283532,0.819064,0.716468,0.421244,0.158192,5.177648,0.012718
72,928,205,2344,17213,0.119855,0.819064,0.283619,0.819064,0.716381,0.421339,0.158144,5.179231,0.012748
73,928,205,2343,17214,0.119804,0.819064,0.283705,0.819064,0.716295,0.421435,0.158096,5.180814,0.012752
74,928,205,2340,17217,0.11965,0.819064,0.283966,0.819064,0.716034,0.421722,0.157951,5.18557,0.012761
75,928,205,2338,17219,0.119548,0.819064,0.28414,0.819064,0.71586,0.421914,0.157854,5.188746,0.012787
76,928,205,2336,17221,0.119446,0.819064,0.284314,0.819064,0.715686,0.422106,0.157757,5.191925,0.012797
77,928,205,2333,17224,0.119292,0.819064,0.284575,0.819064,0.715425,0.422394,0.157612,5.196701,0.0128
78,927,206,2333,17224,0.119292,0.818182,0.284356,0.818182,0.715644,0.422035,0.157564,5.192694,0.012807
79,927,206,2328,17229,0.119037,0.818182,0.284793,0.818182,0.715207,0.422516,0.157322,5.20067,0.012819
80,927,206,2325,17232,0.118883,0.818182,0.285055,0.818182,0.714945,0.422805,0.157177,5.205468,0.012839
81,927,206,2323,17234,0.118781,0.818182,0.285231,0.818182,0.714769,0.422998,0.157081,5.208671,0.012856
82,927,206,2322,17235,0.11873,0.818182,0.285319,0.818182,0.714681,0.423094,0.157032,5.210274,0.012861
83,927,206,2320,17237,0.118628,0.818182,0.285494,0.818182,0.714506,0.423288,0.156936,5.213484,0.012895
84,927,206,2319,17238,0.118576,0.818182,0.285582,0.818182,0.714418,0.423384,0.156887,5.21509,0.012897
85,927,206,2318,17239,0.118525,0.818182,0.28567,0.818182,0.71433,0.423481,0.156839,5.216697,0.01291
86,927,206,2316,17241,0.118423,0.818182,0.285846,0.818182,0.714154,0.423675,0.156742,5.219914,0.012917
87,927,206,2315,17242,0.118372,0.818182,0.285935,0.818182,0.714065,0.423771,0.156694,5.221524,0.012924
88,927,206,2312,17245,0.118219,0.818182,0.286199,0.818182,0.713801,0.424062,0.156549,5.226361,0.012948
89,927,206,2311,17246,0.118167,0.818182,0.286288,0.818182,0.713712,0.424159,0.156501,5.227975,0.012962
90,927,206,2308,17249,0.118014,0.818182,0.286553,0.818182,0.713447,0.424451,0.156356,5.232823,0.012964
91,927,206,2306,17251,0.117912,0.818182,0.286731,0.818182,0.713269,0.424645,0.156259,5.23606,0.012984
92,927,206,2305,17252,0.117861,0.818182,0.286819,0.818182,0.713181,0.424742,0.156211,5.23768,0.013
93,927,206,2301,17256,0.117656,0.818182,0.287175,0.818182,0.712825,0.425132,0.156017,5.24417,0.013005
94,927,206,2300,17257,0.117605,0.818182,0.287264,0.818182,0.712736,0.425229,0.155969,5.245795,0.013022
95,927,206,2299,17258,0.117554,0.818182,0.287353,0.818182,0.712647,0.425327,0.155921,5.247422,0.013029
96,927,206,2297,17260,0.117452,0.818182,0.287531,0.818182,0.712469,0.425522,0.155824,5.250677,0.013032
97,927,206,2296,17261,0.1174,0.818182,0.28762,0.818182,0.71238,0.42562,0.155776,5.252306,0.01306
98,927,206,2295,17262,0.117349,0.818182,0.287709,0.818182,0.712291,0.425718,0.155727,5.253936,0.013071
99,927,206,2290,17267,0.117094,0.818182,0.288157,0.818182,0.711843,0.426207,0.155486,5.262102,0.013074
100,927,206,2288,17269,0.116991,0.818182,0.288336,0.818182,0.711664,0.426403,0.155389,5.265375,0.013098
101,927,206,2285,17272,0.116838,0.818182,0.288605,0.818182,0.711395,0.426697,0.155244,5.270293,0.0131
102,927,206,2283,17274,0.116736,0.818182,0.288785,0.818182,0.711215,0.426894,0.155147,5.273577,0.013106
103,926,207,2278,17279,0.11648,0.817299,0.289014,0.817299,0.710986,0.427023,0.154857,5.277753,0.013119
104,926,207,2274,17283,0.116276,0.817299,0.289375,0.817299,0.710625,0.427417,0.154664,5.28435,0.013138
105,926,207,2271,17286,0.116122,0.817299,0.289647,0.817299,0.710353,0.427714,0.154519,5.289309,0.013142
106,926,207,2269,17288,0.11602,0.817299,0.289828,0.817299,0.710172,0.427911,0.154422,5.29262,0.013145
107,926,207,2264,17293,0.115764,0.817299,0.290282,0.817299,0.709718,0.428406,0.154181,5.300916,0.013183
108,926,207,2262,17295,0.115662,0.817299,0.290464,0.817299,0.709536,0.428604,0.154084,5.304241,0.013186
109,926,207,2261,17296,0.115611,0.817299,0.290555,0.817299,0.709445,0.428704,0.154036,5.305905,0.013219
110,926,207,2259,17298,0.115509,0.817299,0.290738,0.817299,0.709262,0.428902,0.153939,5.309237,0.01322
111,926,207,2257,17300,0.115406,0.817299,0.290921,0.817299,0.709079,0.429101,0.153842,5.312573,0.013235
112,926,207,2256,17301,0.115355,0.817299,0.291012,0.817299,0.708988,0.4292,0.153794,5.314243,0.013256
113,926,207,2255,17302,0.115304,0.817299,0.291103,0.817299,0.708897,0.4293,0.153746,5.315913,0.013264
114,926,207,2250,17307,0.115048,0.817299,0.291562,0.817299,0.708438,0.429798,0.153504,5.324282,0.013293
115,926,207,2247,17310,0.114895,0.817299,0.291837,0.817299,0.708163,0.430098,0.153359,5.329316,0.013298
116,926,207,2246,17311,0.114844,0.817299,0.291929,0.817299,0.708071,0.430197,0.153311,5.330996,0.013302
117,926,207,2243,17314,0.11469,0.817299,0.292206,0.817299,0.707794,0.430497,0.153166,5.336043,0.013326
118,926,207,2242,17315,0.114639,0.817299,0.292298,0.817299,0.707702,0.430598,0.153117,5.337727,0.013341
119,926,207,2241,17316,0.114588,0.817299,0.29239,0.817299,0.70761,0.430698,0.153069,5.339413,0.013346
120,926,207,2238,17319,0.114435,0.817299,0.292668,0.817299,0.707332,0.430998,0.152924,5.344476,0.013372
121,926,207,2236,17321,0.114332,0.817299,0.292853,0.817299,0.707147,0.431199,0.152827,5.347856,0.013377
122,926,207,2234,17323,0.11423,0.817299,0.293038,0.817299,0.706962,0.4314,0.152731,5.351241,0.013386
123,926,207,2232,17325,0.114128,0.817299,0.293224,0.817299,0.706776,0.431601,0.152634,5.35463,0.01342
124,925,208,2231,17326,0.114077,0.816417,0.293093,0.816417,0.706907,0.431336,0.152537,5.352237,0.01344
125,925,208,2229,17328,0.113975,0.816417,0.293278,0.816417,0.706722,0.431537,0.152441,5.355631,0.013466
126,925,208,2225,17332,0.11377,0.816417,0.293651,0.816417,0.706349,0.43194,0.152247,5.362432,0.013475
127,925,208,2223,17334,0.113668,0.816417,0.293837,0.816417,0.706163,0.432142,0.152151,5.365838,0.013477
128,925,208,2221,17336,0.113565,0.816417,0.294024,0.816417,0.705976,0.432344,0.152054,5.36925,0.013492
129,925,208,2220,17337,0.113514,0.816417,0.294118,0.816417,0.705882,0.432445,0.152006,5.370957,0.013502
130,925,208,2218,17339,0.113412,0.816417,0.294305,0.816417,0.705695,0.432647,0.151909,5.374375,0.013511
131,925,208,2215,17342,0.113259,0.816417,0.294586,0.816417,0.705414,0.432951,0.151764,5.379509,0.013538
132,925,208,2212,17345,0.113105,0.816417,0.294868,0.816417,0.705132,0.433255,0.151619,5.384654,0.013557
133,925,208,2211,17346,0.113054,0.816417,0.294962,0.816417,0.705038,0.433357,0.151571,5.386371,0.013603
134,925,208,2210,17347,0.113003,0.816417,0.295056,0.816417,0.704944,0.433458,0.151522,5.388089,0.013607
135,925,208,2209,17348,0.112952,0.816417,0.29515,0.816417,0.70485,0.43356,0.151474,5.389808,0.013615
136,925,208,2208,17349,0.112901,0.816417,0.295244,0.816417,0.704756,0.433662,0.151426,5.391529,0.01363
137,925,208,2207,17350,0.11285,0.816417,0.295338,0.816417,0.704662,0.433763,0.151377,5.39325,0.01364
138,925,208,2204,17353,0.112696,0.816417,0.295622,0.816417,0.704378,0.434069,0.151232,5.398421,0.013666
139,925,208,2201,17356,0.112543,0.816417,0.295905,0.816417,0.704095,0.434374,0.151087,5.403602,0.013667
140,925,208,2200,17357,0.112492,0.816417,0.296,0.816417,0.704,0.434476,0.151039,5.405331,0.013678
141,925,208,2197,17360,0.112338,0.816417,0.296284,0.816417,0.703716,0.434783,0.150894,5.410525,0.013726
142,925,208,2196,17361,0.112287,0.816417,0.296379,0.816417,0.703621,0.434885,0.150846,5.412259,0.013732
143,925,208,2195,17362,0.112236,0.816417,0.296474,0.816417,0.703526,0.434987,0.150797,5.413993,0.013741
144,925,208,2194,17363,0.112185,0.816417,0.296569,0.816417,0.703431,0.435089,0.150749,5.415729,0.013742
145,925,208,2192,17365,0.112083,0.816417,0.29676,0.816417,0.70324,0.435294,0.150652,5.419204,0.013761
146,925,208,2190,17367,0.11198,0.816417,0.29695,0.816417,0.70305,0.435499,0.150556,5.422684,0.013772
147,925,208,2187,17370,0.111827,0.816417,0.297237,0.816417,0.702763,0.435807,0.150411,5.427911,0.013787
148,925,208,2186,17371,0.111776,0.816417,0.297332,0.816417,0.702668,0.43591,0.150362,5.429656,0.013794
149,925,208,2184,17373,0.111674,0.816417,0.297523,0.816417,0.702477,0.436115,0.150266,5.433149,0.013797
150,925,208,2183,17374,0.111622,0.816417,0.297619,0.816417,0.702381,0.436218,0.150217,5.434897,0.013801
151,925,208,2182,17375,0.111571,0.816417,0.297715,0.816417,0.702285,0.436321,0.150169,5.436646,0.013861
152,925,208,2179,17378,0.111418,0.816417,0.298003,0.816417,0.701997,0.43663,0.150024,5.441901,0.013865
153,925,208,2178,17379,0.111367,0.816417,0.298099,0.816417,0.701901,0.436733,0.149976,5.443654,0.013895
154,925,208,2175,17382,0.111213,0.816417,0.298387,0.816417,0.701613,0.437042,0.149831,5.448922,0.013908
155,925,208,2173,17384,0.111111,0.816417,0.29858,0.816417,0.70142,0.437249,0.149734,5.45244,0.013917
156,925,208,2171,17386,0.111009,0.816417,0.298773,0.816417,0.701227,0.437456,0.149638,5.455962,0.013928
157,925,208,2169,17388,0.110907,0.816417,0.298966,0.816417,0.701034,0.437663,0.149541,5.459489,0.013931
158,925,208,2166,17391,0.110753,0.816417,0.299256,0.816417,0.700744,0.437973,0.149396,5.464788,0.013999
159,925,208,2165,17392,0.110702,0.816417,0.299353,0.816417,0.700647,0.438077,0.149348,5.466556,0.014001
160,925,208,2164,17393,0.110651,0.816417,0.29945,0.816417,0.70055,0.438181,0.149299,5.468326,0.014003
161,925,208,2163,17394,0.1106,0.816417,0.299547,0.816417,0.700453,0.438285,0.149251,5.470097,0.014023
162,925,208,2160,17397,0.110446,0.816417,0.299838,0.816417,0.700162,0.438596,0.149106,5.475416,0.014032
163,925,208,2159,17398,0.110395,0.816417,0.299935,0.816417,0.700065,0.4387,0.149058,5.477192,0.014047
164,925,208,2158,17399,0.110344,0.816417,0.300032,0.816417,0.699968,0.438805,0.149009,5.478968,0.014058
165,925,208,2157,17400,0.110293,0.816417,0.30013,0.816417,0.69987,0.438909,0.148961,5.480746,0.014059
166,925,208,2153,17404,0.110088,0.816417,0.30052,0.816417,0.69948,0.439326,0.148768,5.487869,0.014068
167,925,208,2151,17406,0.109986,0.816417,0.300715,0.816417,0.699285,0.439534,0.148671,5.491437,0.014141
168,925,208,2150,17407,0.109935,0.816417,0.300813,0.816417,0.699187,0.439639,0.148623,5.493223,0.014169
169,925,208,2148,17409,0.109833,0.816417,0.301009,0.816417,0.698991,0.439848,0.148526,5.496798,0.01419
170,925,208,2144,17413,0.109628,0.816417,0.301401,0.816417,0.698599,0.440267,0.148333,5.503962,0.014191
171,925,208,2143,17414,0.109577,0.816417,0.301499,0.816417,0.698501,0.440371,0.148284,5.505756,0.014197
172,925,208,2142,17415,0.109526,0.816417,0.301598,0.816417,0.698402,0.440476,0.148236,5.507551,0.014209
173,925,208,2141,17416,0.109475,0.816417,0.301696,0.816417,0.698304,0.440581,0.148188,5.509347,0.014279
174,925,208,2140,17417,0.109424,0.816417,0.301794,0.816417,0.698206,0.440686,0.148139,5.511145,0.014283
175,925,208,2138,17419,0.109321,0.816417,0.301992,0.816417,0.698008,0.440896,0.148043,5.514743,0.014318
176,925,208,2137,17420,0.10927,0.816417,0.30209,0.816417,0.69791,0.441001,0.147994,5.516545,0.014327
177,924,209,2135,17422,0.109168,0.815534,0.302059,0.815534,0.697941,0.44084,0.147849,5.515985,0.014337
178,924,209,2134,17423,0.109117,0.815534,0.302158,0.815534,0.697842,0.440945,0.147801,5.517789,0.014353
179,923,210,2132,17425,0.109015,0.814651,0.302128,0.814651,0.697872,0.440783,0.147656,5.51723,0.01443
180,923,210,2130,17427,0.108912,0.814651,0.302326,0.814651,0.697674,0.440994,0.147559,5.520844,0.014467
181,922,211,2129,17428,0.108861,0.813769,0.302196,0.813769,0.697804,0.440727,0.147463,5.518478,0.014472
182,922,211,2127,17430,0.108759,0.813769,0.302394,0.813769,0.697606,0.440937,0.147366,5.522098,0.014482
183,922,211,2126,17431,0.108708,0.813769,0.302493,0.813769,0.697507,0.441043,0.147318,5.523909,0.014488
184,921,212,2125,17432,0.108657,0.812886,0.302364,0.812886,0.697636,0.440775,0.147221,5.521541,0.014569
185,921,212,2124,17433,0.108606,0.812886,0.302463,0.812886,0.697537,0.440881,0.147173,5.523354,0.01458
186,920,213,2124,17433,0.108606,0.812004,0.302234,0.812004,0.697766,0.440508,0.147124,5.51917,0.014588
187,919,214,2123,17434,0.108554,0.811121,0.302104,0.811121,0.697896,0.44024,0.147028,5.516795,0.014617
188,919,214,2121,17436,0.108452,0.811121,0.302303,0.811121,0.697697,0.440451,0.146931,5.520425,0.014618
189,919,214,2120,17437,0.108401,0.811121,0.302402,0.811121,0.697598,0.440556,0.146883,5.522241,0.014629
190,919,214,2118,17439,0.108299,0.811121,0.302601,0.811121,0.697399,0.440767,0.146786,5.525878,0.014643
191,918,215,2118,17439,0.108299,0.810238,0.302372,0.810238,0.697628,0.440393,0.146738,5.521683,0.014653
192,918,215,2115,17442,0.108145,0.810238,0.302671,0.810238,0.697329,0.440711,0.146593,5.527145,0.01472
193,918,215,2112,17445,0.107992,0.810238,0.30297,0.810238,0.69703,0.441028,0.146448,5.532617,0.014734
194,918,215,2110,17447,0.10789,0.810238,0.30317,0.810238,0.69683,0.44124,0.146351,5.536272,0.014758
195,918,215,2109,17448,0.107839,0.810238,0.303271,0.810238,0.696729,0.441346,0.146303,5.538101,0.014767
196,918,215,2107,17450,0.107736,0.810238,0.303471,0.810238,0.696529,0.441558,0.146206,5.541762,0.014774
197,918,215,2106,17451,0.107685,0.810238,0.303571,0.810238,0.696429,0.441665,0.146158,5.543595,0.014789
198,918,215,2104,17453,0.107583,0.810238,0.303772,0.810238,0.696228,0.441877,0.146061,5.547264,0.014801
199,918,215,2103,17454,0.107532,0.810238,0.303873,0.810238,0.696127,0.441984,0.146013,5.5491,0.014809
200,918,215,2100,17457,0.107378,0.810238,0.304175,0.810238,0.695825,0.442303,0.145868,5.554616,0.014874
201,918,215,2099,17458,0.107327,0.810238,0.304276,0.810238,0.695724,0.44241,0.145819,5.556457,0.014893
202,918,215,2096,17461,0.107174,0.810238,0.304579,0.810238,0.695421,0.44273,0.145674,5.561988,0.014905
203,918,215,2095,17462,0.107123,0.810238,0.30468,0.810238,0.69532,0.442836,0.145626,5.563834,0.014922
204,917,216,2092,17465,0.106969,0.809356,0.304752,0.809356,0.695248,0.442781,0.145433,5.565161,0.014936
205,917,216,2091,17466,0.106918,0.809356,0.304854,0.809356,0.695146,0.442888,0.145384,5.567011,0.014964
206,917,216,2084,17473,0.10656,0.809356,0.305565,0.809356,0.694435,0.443638,0.145046,5.579996,0.015033
207,917,216,2083,17474,0.106509,0.809356,0.305667,0.809356,0.694333,0.443745,0.144998,5.581856,0.015063
208,917,216,2082,17475,0.106458,0.809356,0.305769,0.809356,0.694231,0.443853,0.144949,5.583718,0.015069
209,917,216,2079,17478,0.106305,0.809356,0.306075,0.809356,0.693925,0.444175,0.144804,5.589309,0.015097
210,917,216,2078,17479,0.106254,0.809356,0.306177,0.809356,0.693823,0.444283,0.144756,5.591175,0.015122
211,917,216,2076,17481,0.106151,0.809356,0.306382,0.809356,0.693618,0.444498,0.144659,5.594911,0.015132
212,917,216,2074,17483,0.106049,0.809356,0.306586,0.809356,0.693414,0.444714,0.144563,5.598652,0.015221
213,917,216,2073,17484,0.105998,0.809356,0.306689,0.809356,0.693311,0.444822,0.144514,5.600525,0.015222
214,917,216,2072,17485,0.105947,0.809356,0.306792,0.809356,0.693208,0.44493,0.144466,5.602399,0.015237
215,917,216,2071,17486,0.105896,0.809356,0.306894,0.809356,0.693106,0.445038,0.144418,5.604274,0.015242
216,916,217,2069,17488,0.105793,0.808473,0.306868,0.808473,0.693132,0.444876,0.144273,5.603788,0.015265
217,916,217,2068,17489,0.105742,0.808473,0.306971,0.808473,0.693029,0.444984,0.144224,5.605666,0.015295
218,916,217,2066,17491,0.10564,0.808473,0.307176,0.808473,0.692824,0.4452,0.144128,5.609426,0.015303
219,916,217,2064,17493,0.105538,0.808473,0.307383,0.808473,0.692617,0.445417,0.144031,5.613191,0.015362
220,916,217,2062,17495,0.105435,0.808473,0.307589,0.808473,0.692411,0.445634,0.143934,5.61696,0.015407
221,916,217,2061,17496,0.105384,0.808473,0.307692,0.808473,0.692308,0.445742,0.143886,5.618847,0.015472
222,915,218,2059,17498,0.105282,0.80759,0.307666,0.80759,0.692334,0.445581,0.143741,5.618375,0.015586
223,915,218,2057,17500,0.10518,0.80759,0.307873,0.80759,0.692127,0.445798,0.143644,5.622156,0.015613
224,915,218,2053,17504,0.104975,0.80759,0.308288,0.80759,0.691712,0.446233,0.143451,5.629733,0.015654
225,915,218,2052,17505,0.104924,0.80759,0.308392,0.80759,0.691608,0.446341,0.143403,5.63163,0.01566
226,915,218,2051,17506,0.104873,0.80759,0.308496,0.80759,0.691504,0.44645,0.143354,5.633529,0.015721
227,915,218,2050,17507,0.104822,0.80759,0.3086,0.80759,0.6914,0.446559,0.143306,5.635429,0.015745
228,915,218,2049,17508,0.104771,0.80759,0.308704,0.80759,0.691296,0.446668,0.143258,5.63733,0.015751
229,914,219,2047,17510,0.104668,0.806708,0.30868,0.806708,0.69132,0.446507,0.143113,5.636875,0.015828
230,914,219,2044,17513,0.104515,0.806708,0.308993,0.806708,0.691007,0.446835,0.142968,5.642591,0.015845
231,914,219,2043,17514,0.104464,0.806708,0.309097,0.806708,0.690903,0.446944,0.142919,5.6445,0.015887
232,914,219,2041,17516,0.104362,0.806708,0.309306,0.806708,0.690694,0.447162,0.142823,5.64832,0.015949
233,914,219,2040,17517,0.10431,0.806708,0.309411,0.806708,0.690589,0.447272,0.142774,5.650232,0.01603
234,914,219,2037,17520,0.104157,0.806708,0.309726,0.806708,0.690274,0.4476,0.142629,5.655976,0.016075
235,914,219,2030,17527,0.103799,0.806708,0.310462,0.806708,0.689538,0.448369,0.142291,5.669424,0.016132
236,914,219,2029,17528,0.103748,0.806708,0.310567,0.806708,0.689433,0.448479,0.142243,5.671351,0.016143
237,914,219,2027,17530,0.103646,0.806708,0.310779,0.806708,0.689221,0.448699,0.142146,5.675208,0.016167
238,914,219,2025,17532,0.103543,0.806708,0.31099,0.806708,0.68901,0.448919,0.142049,5.67907,0.01623
239,914,219,2023,17534,0.103441,0.806708,0.311202,0.806708,0.688798,0.44914,0.141953,5.682937,0.016258
240,914,219,2022,17535,0.10339,0.806708,0.311308,0.806708,0.688692,0.44925,0.141904,5.684872,0.016298
241,914,219,2021,17536,0.103339,0.806708,0.311414,0.806708,0.688586,0.449361,0.141856,5.686809,0.01631
242,913,220,2020,17537,0.103288,0.805825,0.311285,0.805825,0.688715,0.44909,0.141759,5.684461,0.016396
243,913,220,2018,17539,0.103186,0.805825,0.311498,0.805825,0.688502,0.449311,0.141663,5.68834,0.016424
244,913,220,2015,17542,0.103032,0.805825,0.311817,0.805825,0.688183,0.449643,0.141518,5.694168,0.01643
245,913,220,2013,17544,0.10293,0.805825,0.31203,0.805825,0.68797,0.449864,0.141421,5.69806,0.016453
246,913,220,2012,17545,0.102879,0.805825,0.312137,0.805825,0.687863,0.449975,0.141373,5.700008,0.016512
247,913,220,2010,17547,0.102776,0.805825,0.31235,0.805825,0.68765,0.450197,0.141276,5.703908,0.016635
248,912,221,2009,17548,0.102725,0.804943,0.312222,0.804943,0.687778,0.449926,0.141179,5.701562,0.016638
249,911,222,2006,17551,0.102572,0.80406,0.312307,0.80406,0.687693,0.449877,0.140986,5.70312,0.016651
250,910,223,2000,17557,0.102265,0.803177,0.312715,0.803177,0.687285,0.450161,0.140648,5.710564,0.01671
251,910,223,1998,17559,0.102163,0.803177,0.31293,0.803177,0.68707,0.450384,0.140551,5.714491,0.016741
252,910,223,1997,17560,0.102112,0.803177,0.313037,0.803177,0.686963,0.450495,0.140503,5.716457,0.016763
253,910,223,1996,17561,0.102061,0.803177,0.313145,0.803177,0.686855,0.450607,0.140454,5.718424,0.016799
254,910,223,1995,17562,0.10201,0.803177,0.313253,0.803177,0.686747,0.450718,0.140406,5.720393,0.016911
255,910,223,1994,17563,0.101958,0.803177,0.313361,0.803177,0.686639,0.45083,0.140358,5.722362,0.016972
256,910,223,1993,17564,0.101907,0.803177,0.313469,0.803177,0.686531,0.450942,0.140309,5.724334,0.017038
257,909,224,1993,17564,0.101907,0.802295,0.313232,0.802295,0.686768,0.450558,0.140261,5.720014,0.017053
258,906,227,1987,17570,0.1016,0.799647,0.31317,0.799647,0.68683,0.450075,0.139826,5.718872,0.017063
259,906,227,1986,17571,0.101549,0.799647,0.313278,0.799647,0.686722,0.450186,0.139778,5.720849,0.017165
260,906,227,1981,17576,0.101294,0.799647,0.313821,0.799647,0.686179,0.450746,0.139536,5.730757,0.017185
261,904,229,1978,17579,0.10114,0.797882,0.313671,0.797882,0.686329,0.450311,0.139294,5.728027,0.017221
262,904,229,1976,17581,0.101038,0.797882,0.313889,0.797882,0.686111,0.450536,0.139198,5.732005,0.017244
263,904,229,1975,17582,0.100987,0.797882,0.313998,0.797882,0.686002,0.450648,0.139149,5.733995,0.017329
264,904,229,1973,17584,0.100885,0.797882,0.314216,0.797882,0.685784,0.450873,0.139053,5.737982,0.017349
265,902,231,1972,17585,0.100833,0.796117,0.313848,0.796117,0.686152,0.450212,0.138908,5.731263,0.017404
266,902,231,1971,17586,0.100782,0.796117,0.313958,0.796117,0.686042,0.450325,0.138859,5.733258,0.017495
267,902,231,1964,17593,0.100424,0.796117,0.314724,0.796117,0.685276,0.451113,0.138521,5.747261,0.017509
268,902,231,1960,17597,0.10022,0.796117,0.315164,0.796117,0.684836,0.451564,0.138328,5.755294,0.017546
269,899,234,1959,17598,0.100169,0.793469,0.314556,0.793469,0.685444,0.450514,0.138134,5.74418,0.01761
270,899,234,1957,17600,0.100066,0.793469,0.314776,0.793469,0.685224,0.45074,0.138038,5.748203,0.017674
271,898,235,1948,17609,0.099606,0.792586,0.315531,0.792586,0.684469,0.45137,0.137554,5.761984,0.017858
272,898,235,1947,17610,0.099555,0.792586,0.315641,0.792586,0.684359,0.451483,0.137506,5.764009,0.017895
273,898,235,1946,17611,0.099504,0.792586,0.315752,0.792586,0.684248,0.451597,0.137458,5.766036,0.017965
274,898,235,1945,17612,0.099453,0.792586,0.315864,0.792586,0.684136,0.45171,0.137409,5.768064,0.017995
275,898,235,1944,17613,0.099402,0.792586,0.315975,0.792586,0.684025,0.451824,0.137361,5.770093,0.018184
276,898,235,1943,17614,0.099351,0.792586,0.316086,0.792586,0.683914,0.451938,0.137313,5.772124,0.018207
277,898,235,1939,17618,0.099146,0.792586,0.316532,0.792586,0.683468,0.452393,0.137119,5.780263,0.018278
278,898,235,1938,17619,0.099095,0.792586,0.316643,0.792586,0.683357,0.452507,0.137071,5.782301,0.018373
279,898,235,1937,17620,0.099044,0.792586,0.316755,0.792586,0.683245,0.452621,0.137023,5.784341,0.018466
280,898,235,1936,17621,0.098993,0.792586,0.316867,0.792586,0.683133,0.452735,0.136974,5.786382,0.018524
281,898,235,1935,17622,0.098942,0.792586,0.316978,0.792586,0.683022,0.452849,0.136926,5.788424,0.018582
282,898,235,1934,17623,0.09889,0.792586,0.31709,0.792586,0.68291,0.452963,0.136878,5.790468,0.01862
283,898,235,1933,17624,0.098839,0.792586,0.317202,0.792586,0.682798,0.453078,0.136829,5.792513,0.018673
284,898,235,1932,17625,0.098788,0.792586,0.317314,0.792586,0.682686,0.453192,0.136781,5.79456,0.018709
285,898,235,1931,17626,0.098737,0.792586,0.317427,0.792586,0.682573,0.453306,0.136733,5.796609,0.01871
286,898,235,1928,17629,0.098584,0.792586,0.317764,0.792586,0.682236,0.45365,0.136588,5.802762,0.018735
287,896,237,1928,17629,0.098584,0.790821,0.31728,0.790821,0.68272,0.452868,0.136491,5.793939,0.018777
288,895,238,1926,17631,0.098481,0.789938,0.317263,0.789938,0.682737,0.452706,0.136346,5.793627,0.018842
289,895,238,1925,17632,0.09843,0.789938,0.317376,0.789938,0.682624,0.452821,0.136298,5.795681,0.018926
290,895,238,1923,17634,0.098328,0.789938,0.317601,0.789938,0.682399,0.45305,0.136201,5.799795,0.018959
291,895,238,1922,17635,0.098277,0.789938,0.317714,0.789938,0.682286,0.453165,0.136153,5.801854,0.018999
292,895,238,1921,17636,0.098226,0.789938,0.317827,0.789938,0.682173,0.453279,0.136104,5.803914,0.019036
293,895,238,1920,17637,0.098175,0.789938,0.31794,0.789938,0.68206,0.453394,0.136056,5.805976,0.019094
294,895,238,1919,17638,0.098123,0.789938,0.318053,0.789938,0.681947,0.453509,0.136008,5.808039,0.019134
295,895,238,1918,17639,0.098072,0.789938,0.318166,0.789938,0.681834,0.453624,0.135959,5.810104,0.019348
296,895,238,1917,17640,0.098021,0.789938,0.318279,0.789938,0.681721,0.453739,0.135911,5.81217,0.0194
297,895,238,1916,17641,0.09797,0.789938,0.318392,0.789938,0.681608,0.453854,0.135863,5.814238,0.01944
298,895,238,1915,17642,0.097919,0.789938,0.318505,0.789938,0.681495,0.453969,0.135814,5.816307,0.019452
299,894,239,1915,17642,0.097919,0.789056,0.318263,0.789056,0.681737,0.453577,0.135766,5.811876,0.019477
300,894,239,1914,17643,0.097868,0.789056,0.318376,0.789056,0.681624,0.453692,0.135718,5.813946,0.019622
301,894,239,1913,17644,0.097817,0.789056,0.318489,0.789056,0.681511,0.453807,0.135669,5.816017,0.019884
302,894,239,1912,17645,0.097766,0.789056,0.318603,0.789056,0.681397,0.453922,0.135621,5.81809,0.019902
303,894,239,1911,17646,0.097714,0.789056,0.318717,0.789056,0.681283,0.454038,0.135573,5.820164,0.019911
304,893,240,1911,17646,0.097714,0.788173,0.318474,0.788173,0.681526,0.453645,0.135524,5.815727,0.02014
305,893,240,1910,17647,0.097663,0.788173,0.318587,0.788173,0.681413,0.45376,0.135476,5.817802,0.02037
306,889,244,1905,17652,0.097408,0.784643,0.318182,0.784643,0.681818,0.452763,0.135041,5.810399,0.020483
307,885,248,1896,17661,0.096947,0.781112,0.318231,0.781112,0.681769,0.452223,0.134413,5.811294,0.02049
308,884,249,1883,17674,0.096283,0.780229,0.31948,0.780229,0.68052,0.453333,0.133736,5.834098,0.020549
309,884,249,1882,17675,0.096232,0.780229,0.319595,0.780229,0.680405,0.45345,0.133688,5.836207,0.020734
310,883,250,1877,17680,0.095976,0.779347,0.319928,0.779347,0.680072,0.453635,0.133398,5.842278,0.020735
311,881,252,1868,17689,0.095516,0.777582,0.32048,0.777582,0.67952,0.45389,0.132866,5.85237,0.02079
312,881,252,1867,17690,0.095465,0.777582,0.320597,0.777582,0.679403,0.454007,0.132818,5.854499,0.020834
313,879,254,1858,17699,0.095004,0.775816,0.321155,0.775816,0.678845,0.454264,0.132286,5.864685,0.020843
314,877,256,1846,17711,0.094391,0.774051,0.322071,0.774051,0.677929,0.454876,0.131609,5.881425,0.020885
315,875,258,1837,17720,0.093931,0.772286,0.32264,0.772286,0.67736,0.455137,0.131078,5.891813,0.020888
316,873,260,1832,17725,0.093675,0.770521,0.322736,0.770521,0.677264,0.454924,0.130739,5.893558,0.021032
317,873,260,1825,17732,0.093317,0.770521,0.323573,0.770521,0.676427,0.455756,0.130401,5.908849,0.021452
318,873,260,1824,17733,0.093266,0.770521,0.323693,0.770521,0.676307,0.455875,0.130353,5.91104,0.021498
319,873,260,1823,17734,0.093215,0.770521,0.323813,0.770521,0.676187,0.455994,0.130304,5.913232,0.021514
320,873,260,1822,17735,0.093164,0.770521,0.323933,0.770521,0.676067,0.456113,0.130256,5.915426,0.021951
321,873,260,1821,17736,0.093112,0.770521,0.324053,0.770521,0.675947,0.456232,0.130208,5.917622,0.022067
322,873,260,1820,17737,0.093061,0.770521,0.324174,0.770521,0.675826,0.456351,0.130159,5.91982,0.022172
323,872,261,1819,17738,0.09301,0.769638,0.324043,0.769638,0.675957,0.456067,0.130063,5.917433,0.022473
324,872,261,1818,17739,0.092959,0.769638,0.324164,0.769638,0.675836,0.456186,0.130014,5.919633,0.022513
325,871,262,1818,17739,0.092959,0.768756,0.323912,0.768756,0.676088,0.455782,0.129966,5.915043,0.022634
326,871,262,1817,17740,0.092908,0.768756,0.324033,0.768756,0.675967,0.455902,0.129918,5.917244,0.023127
327,871,262,1816,17741,0.092857,0.768756,0.324153,0.768756,0.675847,0.456021,0.12987,5.919446,0.023834
328,870,263,1816,17741,0.092857,0.767873,0.323902,0.767873,0.676098,0.455617,0.129821,5.914851,0.023889
329,869,264,1816,17741,0.092857,0.76699,0.32365,0.76699,0.67635,0.455212,0.129773,5.910253,0.024124
330,867,266,1813,17744,0.092703,0.765225,0.323507,0.765225,0.676493,0.45476,0.129531,5.907652,0.024209
331,864,269,1807,17750,0.092397,0.762577,0.323474,0.762577,0.676526,0.454259,0.129096,5.907047,0.024234
332,860,273,1803,17754,0.092192,0.759047,0.322944,0.759047,0.677056,0.453109,0.12871,5.897363,0.024243
333,858,275,1800,17757,0.092039,0.757282,0.322799,0.757282,0.677201,0.452651,0.128468,5.894716,0.024265
334,856,277,1795,17762,0.091783,0.755516,0.322897,0.755516,0.677103,0.452431,0.12813,5.896504,0.024291
335,852,281,1790,17767,0.091527,0.751986,0.322483,0.751986,0.677517,0.451391,0.127695,5.888943,0.024292
336,851,282,1786,17771,0.091323,0.751103,0.322715,0.751103,0.677285,0.451459,0.127453,5.893184,0.024445
337,850,283,1781,17776,0.091067,0.750221,0.323071,0.750221,0.676929,0.451647,0.127163,5.899683,0.024589
338,849,284,1775,17782,0.09076,0.749338,0.323552,0.749338,0.676448,0.451956,0.126825,5.908462,0.024752
339,849,284,1770,17787,0.090505,0.749338,0.32417,0.749338,0.67583,0.452559,0.126583,5.919742,0.02545
340,849,284,1769,17788,0.090454,0.749338,0.324293,0.749338,0.675707,0.452679,0.126535,5.922003,0.025576
341,849,284,1767,17790,0.090351,0.749338,0.324541,0.749338,0.675459,0.452921,0.126438,5.926531,0.025763
342,849,284,1765,17792,0.090249,0.749338,0.32479,0.749338,0.67521,0.453163,0.126341,5.931065,0.02637
343,848,285,1765,17792,0.090249,0.748455,0.324531,0.748455,0.675469,0.45275,0.126293,5.926346,0.026448
344,847,286,1764,17793,0.090198,0.747573,0.324397,0.747573,0.675603,0.452457,0.126196,5.923892,0.027171
345,847,286,1763,17794,0.090147,0.747573,0.324521,0.747573,0.675479,0.452578,0.126148,5.926162,0.02756
346,847,286,1762,17795,0.090096,0.747573,0.324645,0.747573,0.675355,0.452699,0.1261,5.928433,0.027662
347,847,286,1760,17797,0.089993,0.747573,0.324895,0.747573,0.675105,0.452941,0.126003,5.932981,0.027831
348,846,287,1760,17797,0.089993,0.74669,0.324635,0.74669,0.675365,0.452527,0.125955,5.92825,0.028579
349,846,287,1759,17798,0.089942,0.74669,0.32476,0.74669,0.67524,0.452648,0.125906,5.930526,0.028679
350,846,287,1758,17799,0.089891,0.74669,0.324885,0.74669,0.675115,0.45277,0.125858,5.932803,0.029157
351,846,287,1757,17800,0.08984,0.74669,0.32501,0.74669,0.67499,0.452891,0.12581,5.935083,0.029187
352,846,287,1756,17801,0.089789,0.74669,0.325135,0.74669,0.674865,0.453012,0.125761,5.937364,0.029577
353,845,288,1756,17801,0.089789,0.745808,0.324875,0.745808,0.675125,0.452598,0.125713,5.932626,0.030545
354,844,289,1756,17801,0.089789,0.744925,0.324615,0.744925,0.675385,0.452183,0.125665,5.927884,0.031448
355,844,289,1755,17802,0.089738,0.744925,0.32474,0.744925,0.67526,0.452304,0.125616,5.930165,0.031647
356,839,294,1732,17825,0.088562,0.740512,0.326332,0.740512,0.673668,0.453024,0.124263,5.959234,0.03173
357,830,303,1721,17836,0.087999,0.732568,0.325363,0.732568,0.674637,0.450597,0.123296,5.941529,0.031795
358,825,308,1703,17854,0.087079,0.728155,0.326345,0.728155,0.673655,0.450697,0.122185,5.959468,0.031892
359,820,313,1681,17876,0.085954,0.723742,0.327869,0.723742,0.672131,0.451293,0.12088,5.987296,0.031921
360,816,317,1664,17893,0.085085,0.720212,0.329032,0.720212,0.670968,0.451702,0.119865,6.008541,0.031933
361,811,322,1648,17909,0.084267,0.715799,0.329809,0.715799,0.670191,0.451559,0.11885,6.022723,0.031987
362,804,329,1633,17924,0.0835,0.70962,0.329914,0.70962,0.670086,0.45042,0.117786,6.02464,0.032015
363,800,333,1619,17938,0.082784,0.70609,0.330715,0.70609,0.669285,0.45045,0.116916,6.039274,0.032099
364,795,338,1606,17951,0.082119,0.701677,0.331112,0.701677,0.668888,0.449915,0.116046,6.046521,0.032321
365,792,341,1584,17973,0.080994,0.699029,0.333333,0.699029,0.666667,0.451411,0.114838,6.087084,0.03507
366,791,342,1584,17973,0.080994,0.698147,0.333053,0.698147,0.666947,0.450969,0.11479,6.081958,0.035395
367,791,342,1583,17974,0.080943,0.698147,0.333193,0.698147,0.666807,0.451098,0.114741,6.08452,0.036977
368,790,343,1582,17975,0.080892,0.697264,0.333052,0.697264,0.666948,0.450785,0.114645,6.081952,0.037795
369,790,343,1581,17976,0.080841,0.697264,0.333193,0.697264,0.666807,0.450913,0.114596,6.084517,0.037839
370,790,343,1580,17977,0.080789,0.697264,0.333333,0.697264,0.666667,0.451042,0.114548,6.087084,0.039215
371,790,343,1579,17978,0.080738,0.697264,0.333474,0.697264,0.666526,0.451171,0.1145,6.089654,0.04098
372,789,344,1579,17978,0.080738,0.696381,0.333193,0.696381,0.666807,0.450728,0.114451,6.084514,0.041061
373,789,344,1578,17979,0.080687,0.696381,0.333333,0.696381,0.666667,0.450857,0.114403,6.087084,0.041254
374,788,345,1578,17979,0.080687,0.695499,0.333052,0.695499,0.666948,0.450414,0.114355,6.081939,0.041903
375,787,346,1578,17979,0.080687,0.694616,0.33277,0.694616,0.66723,0.449971,0.114306,6.076789,0.043731
376,787,346,1577,17980,0.080636,0.694616,0.33291,0.694616,0.66709,0.4501,0.114258,6.07936,0.043855
377,787,346,1576,17981,0.080585,0.694616,0.333051,0.694616,0.666949,0.450229,0.11421,6.081932,0.04571
378,787,346,1575,17982,0.080534,0.694616,0.333192,0.694616,0.666808,0.450358,0.114161,6.084507,0.046409
379,787,346,1574,17983,0.080483,0.694616,0.333333,0.694616,0.666667,0.450487,0.114113,6.087084,0.047085
380,786,347,1574,17983,0.080483,0.693733,0.333051,0.693733,0.666949,0.450043,0.114065,6.081926,0.049428
381,786,347,1573,17984,0.080432,0.693733,0.333192,0.693733,0.666808,0.450172,0.114016,6.084504,0.053506
382,772,361,1557,18000,0.079613,0.681377,0.331473,0.681377,0.668527,0.445985,0.112566,6.053108,0.053596
383,762,371,1535,18022,0.078489,0.672551,0.331737,0.672551,0.668263,0.444315,0.11102,6.057934,0.05362
384,749,384,1519,18038,0.07767,0.661077,0.330247,0.661077,0.669753,0.440459,0.109618,6.030723,0.053738
385,739,394,1501,18056,0.07675,0.652251,0.329911,0.652251,0.670089,0.438186,0.108265,6.024583,0.053766
386,733,400,1488,18069,0.076085,0.646955,0.330032,0.646955,0.669968,0.43709,0.107347,6.026789,0.053852
387,721,412,1469,18088,0.075114,0.636364,0.329224,0.636364,0.670776,0.433945,0.105848,6.012038,0.054015
388,712,421,1453,18104,0.074296,0.62842,0.328868,0.62842,0.671132,0.431777,0.10464,6.005548,0.054224
389,706,427,1429,18128,0.073068,0.623124,0.330679,0.623124,0.669321,0.432069,0.10319,6.038616,0.054441
390,695,438,1410,18147,0.072097,0.613416,0.330166,0.613416,0.669834,0.429277,0.10174,6.02925,0.054538
391,686,447,1393,18164,0.071228,0.605472,0.329966,0.605472,0.670034,0.427148,0.100483,6.025599,0.059697
392,685,448,1393,18164,0.071228,0.60459,0.329644,0.60459,0.670356,0.426658,0.100435,6.019711,0.061734
393,684,449,1393,18164,0.071228,0.603707,0.329321,0.603707,0.670679,0.426168,0.100387,6.013817,0.071434
394,684,449,1392,18165,0.071177,0.603707,0.32948,0.603707,0.67052,0.426301,0.100338,6.016714,0.071865
395,684,449,1391,18166,0.071125,0.603707,0.329639,0.603707,0.670361,0.426434,0.10029,6.019613,0.072005
396,682,451,1390,18167,0.071074,0.601942,0.329151,0.601942,0.670849,0.425585,0.100145,6.010702,0.072063
397,682,451,1389,18168,0.071023,0.601942,0.32931,0.601942,0.67069,0.425718,0.100097,6.013604,0.072518
398,681,452,1389,18168,0.071023,0.601059,0.328986,0.601059,0.671014,0.425226,0.100048,6.007688,0.073304
399,680,453,1389,18168,0.071023,0.600177,0.328661,0.600177,0.671339,0.424735,0.1,6.001765,0.076229
400,679,454,1389,18168,0.071023,0.599294,0.328337,0.599294,0.671663,0.424242,0.099952,5.995837,0.086678
401,677,456,1389,18168,0.071023,0.597529,0.327686,0.597529,0.672314,0.423257,0.099855,5.983963,0.086959
402,677,456,1388,18169,0.070972,0.597529,0.327845,0.597529,0.672155,0.42339,0.099807,5.986861,0.08754
403,677,456,1387,18170,0.070921,0.597529,0.328004,0.597529,0.671996,0.423522,0.099758,5.989762,0.08845
404,677,456,1386,18171,0.07087,0.597529,0.328163,0.597529,0.671837,0.423655,0.09971,5.992665,0.096656
405,676,457,1386,18171,0.07087,0.596646,0.327837,0.596646,0.672163,0.423161,0.099662,5.986715,0.099054
406,675,458,1385,18172,0.070819,0.595763,0.32767,0.595763,0.67233,0.4228,0.099565,5.983663,0.099588
407,675,458,1384,18173,0.070768,0.595763,0.327829,0.595763,0.672171,0.422932,0.099517,5.986569,0.099742
408,674,459,1384,18173,0.070768,0.594881,0.327502,0.594881,0.672498,0.422438,0.099468,5.980605,0.10706
409,674,459,1383,18174,0.070716,0.594881,0.327662,0.594881,0.672338,0.422571,0.09942,5.983512,0.109949
410,674,459,1382,18175,0.070665,0.594881,0.327821,0.594881,0.672179,0.422703,0.099372,5.986423,0.116536
411,673,460,1382,18175,0.070665,0.593998,0.327494,0.593998,0.672506,0.422208,0.099323,5.980449,0.121106
412,673,460,1381,18176,0.070614,0.593998,0.327653,0.593998,0.672347,0.422341,0.099275,5.983361,0.121704
413,672,461,1381,18176,0.070614,0.593116,0.327326,0.593116,0.672674,0.421846,0.099227,5.977381,0.122636
414,672,461,1380,18177,0.070563,0.593116,0.327485,0.593116,0.672515,0.421978,0.099178,5.980293,0.181271
415,657,476,1322,18235,0.067597,0.579876,0.331986,0.579876,0.668014,0.422237,0.09565,6.062478,0.186793
416,634,499,1274,18283,0.065143,0.559576,0.332285,0.559576,0.667715,0.416968,0.092218,6.067943,0.189524
417,617,516,1217,18340,0.062228,0.544572,0.336423,0.544572,0.663577,0.415908,0.088642,6.143508,0.189634
418,605,528,1170,18387,0.059825,0.533981,0.340845,0.533981,0.659155,0.416094,0.08579,6.224258,0.190112
419,590,543,1121,18436,0.05732,0.520741,0.344828,0.520741,0.655172,0.414909,0.082697,6.296984,0.190544
420,574,559,1062,18495,0.054303,0.50662,0.350856,0.50662,0.649144,0.41459,0.079072,6.407066,0.19074
421,555,578,1004,18553,0.051337,0.48985,0.355997,0.48985,0.644003,0.412333,0.07535,6.500959,0.190933
422,535,598,958,18599,0.048985,0.472198,0.358339,0.472198,0.641661,0.407464,0.07216,6.543718,0.192022
423,518,615,891,18666,0.045559,0.457193,0.367637,0.457193,0.632363,0.407553,0.068101,6.713505,0.194904
424,498,635,839,18718,0.0429,0.439541,0.372476,0.439541,0.627524,0.403239,0.064621,6.801873,0.23929
425,497,636,839,18718,0.0429,0.438658,0.372006,0.438658,0.627994,0.402592,0.064572,6.793296,0.279908
426,497,636,838,18719,0.042849,0.438658,0.372285,0.438658,0.627715,0.402755,0.064524,6.798384,0.283891
427,497,636,837,18720,0.042798,0.438658,0.372564,0.438658,0.627436,0.402919,0.064476,6.80348,0.296626
428,496,637,837,18720,0.042798,0.437776,0.372093,0.437776,0.627907,0.402271,0.064427,6.794885,0.356716
429,495,638,837,18720,0.042798,0.436893,0.371622,0.436893,0.628378,0.401623,0.064379,6.786277,0.383569
430,494,639,837,18720,0.042798,0.436011,0.37115,0.436011,0.62885,0.400974,0.064331,6.777655,0.398392
431,494,639,836,18721,0.042747,0.436011,0.371429,0.436011,0.628571,0.401137,0.064282,6.782751,0.403446
432,493,640,836,18721,0.042747,0.435128,0.370956,0.435128,0.629044,0.400487,0.064234,6.774114,0.410034
433,493,640,835,18722,0.042696,0.435128,0.371235,0.435128,0.628765,0.40065,0.064186,6.779215,0.472714
434,493,640,834,18723,0.042645,0.435128,0.371515,0.435128,0.628485,0.400813,0.064137,6.784324,0.57077
435,493,640,833,18724,0.042593,0.435128,0.371795,0.435128,0.628205,0.400976,0.064089,6.78944,0.588573
436,492,641,833,18724,0.042593,0.434245,0.371321,0.434245,0.628679,0.400325,0.064041,6.780782,0.59028
437,489,644,831,18726,0.042491,0.431598,0.370455,0.431598,0.629545,0.398695,0.063799,6.764964,0.594752
438,486,647,828,18729,0.042338,0.42895,0.369863,0.42895,0.630137,0.397221,0.063509,6.754162,0.59595
439,485,648,827,18730,0.042287,0.428067,0.369665,0.428067,0.630335,0.396728,0.063412,6.75054,0.59872
440,485,648,826,18731,0.042236,0.428067,0.369947,0.428067,0.630053,0.39689,0.063364,6.755689,0.600099
441,485,648,824,18733,0.042133,0.428067,0.370512,0.428067,0.629488,0.397215,0.063267,6.766011,0.606608
442,485,648,823,18734,0.042082,0.428067,0.370795,0.428067,0.629205,0.397378,0.063219,6.771183,0.606833
443,485,648,819,18738,0.041878,0.428067,0.371933,0.428067,0.628067,0.39803,0.063026,6.791954,0.607612
444,483,650,817,18740,0.041775,0.426302,0.371538,0.426302,0.628462,0.397041,0.062832,6.784758,0.739782
445,483,650,816,18741,0.041724,0.426302,0.371824,0.426302,0.628176,0.397204,0.062784,6.789981,0.751913
446,482,651,816,18741,0.041724,0.425419,0.371341,0.425419,0.628659,0.396545,0.062736,6.781143,0.795119
447,482,651,814,18743,0.041622,0.425419,0.371914,0.425419,0.628086,0.396871,0.062639,6.791608,0.806978
448,482,651,811,18746,0.041469,0.425419,0.372776,0.425419,0.627224,0.397362,0.062494,6.807366,0.8093
449,481,652,808,18749,0.041315,0.424537,0.373157,0.424537,0.626843,0.397192,0.062301,6.814323,0.809891
450,480,653,806,18751,0.041213,0.423654,0.37325,0.423654,0.62675,0.396858,0.062156,6.81602,0.810482
451,480,653,805,18752,0.041162,0.423654,0.373541,0.423654,0.626459,0.397022,0.062107,6.821324,0.812885
452,480,653,803,18754,0.041059,0.423654,0.374123,0.423654,0.625877,0.397351,0.062011,6.831958,0.815376
453,478,655,800,18757,0.040906,0.421889,0.374022,0.421889,0.625978,0.396516,0.061769,6.830109,0.818075
454,476,657,797,18760,0.040753,0.420124,0.37392,0.420124,0.62608,0.395677,0.061527,6.828246,0.81994
455,474,659,797,18760,0.040753,0.418358,0.372935,0.418358,0.627065,0.394343,0.061431,6.810255,0.820205
456,473,660,796,18761,0.040702,0.417476,0.372734,0.417476,0.627266,0.393838,0.061334,6.806598,0.932045
457,472,661,796,18761,0.040702,0.416593,0.37224,0.416593,0.62776,0.39317,0.061286,6.797564,0.937471
458,472,661,795,18762,0.04065,0.416593,0.372534,0.416593,0.627466,0.393333,0.061237,6.802929,0.938134
459,471,662,795,18762,0.04065,0.415711,0.372038,0.415711,0.627962,0.392664,0.061189,6.793879,0.965759
460,470,663,795,18762,0.04065,0.414828,0.371542,0.414828,0.628458,0.391993,0.061141,6.784813,0.980607
461,469,664,795,18762,0.04065,0.413945,0.371044,0.413945,0.628956,0.391322,0.061092,6.775734,0.99395
462,420,713,738,18819,0.037736,0.370697,0.362694,0.370697,0.637306,0.366652,0.055969,6.623252,0.994985
463,368,765,658,18899,0.033645,0.324801,0.358674,0.324801,0.641326,0.340899,0.049589,6.549845,0.995077
464,319,814,582,18975,0.029759,0.281553,0.354051,0.281553,0.645949,0.313668,0.043548,6.465416,0.995144
465,275,858,506,19051,0.025873,0.242718,0.352113,0.242718,0.647887,0.287356,0.037748,6.430019,0.995174
466,227,906,425,19132,0.021731,0.200353,0.34816,0.200353,0.65184,0.254342,0.031513,6.357829,0.995188
467,186,947,345,19212,0.017641,0.164166,0.350282,0.164166,0.649718,0.223558,0.025665,6.396597,0.995421
468,144,989,259,19298,0.013243,0.127096,0.35732,0.127096,0.64268,0.1875,0.019478,6.525113,0.995513
469,91,1042,172,19385,0.008795,0.080318,0.346008,0.080318,0.653992,0.130372,0.012711,6.318533,0.995528
470,41,1092,88,19469,0.0045,0.036187,0.317829,0.036187,0.682171,0.064976,0.006235,5.803964,0.995621
471,0,1133,0,19557,0,0,0,0,0,0,0,?,0.995631